{
  "tenure": {
    "3": {
      "main_team": [
        "10",
        "71",
        "73",
        "130",
        "542",
        "280",
        "283",
        "546",
        "119",
        "74",
        "434"
      ],
      "bench": [
        "521",
        "622",
        "534",
        "70"
      ],
      "price": 99.69999999999999,
      "score": 1419.0
    },
    "10": {
      "main_team": [
        "10",
        "71",
        "73",
        "130",
        "542",
        "280",
        "283",
        "546",
        "119",
        "74",
        "434"
      ],
      "bench": [
        "521",
        "622",
        "534",
        "70"
      ],
      "price": 99.69999999999999,
      "score": 1419.0
    },
    "100": {
      "main_team": [
        "10",
        "71",
        "73",
        "130",
        "542",
        "280",
        "283",
        "546",
        "119",
        "74",
        "434"
      ],
      "bench": [
        "521",
        "622",
        "534",
        "70"
      ],
      "price": 99.69999999999999,
      "score": 1419.0
    }
  }
}