{
  "tenure": {
    "3": {
      "main_team": [
        "10",
        "74",
        "75",
        "76",
        "578",
        "301",
        "300",
        "308",
        "77",
        "117",
        "635"
      ],
      "bench": [
        "665",
        "572",
        "573",
        "71"
      ],
      "price": 99.9,
      "score": 1964.0
    },
    "10": {
      "main_team": [
        "10",
        "74",
        "75",
        "76",
        "578",
        "301",
        "300",
        "308",
        "77",
        "117",
        "635"
      ],
      "bench": [
        "665",
        "572",
        "573",
        "71"
      ],
      "price": 99.9,
      "score": 1964.0
    },
    "100": {
      "main_team": [
        "10",
        "74",
        "75",
        "76",
        "578",
        "301",
        "300",
        "308",
        "77",
        "117",
        "635"
      ],
      "bench": [
        "665",
        "572",
        "573",
        "71"
      ],
      "price": 99.9,
      "score": 1964.0
    }
  }
}