{
  "tenure": {
    "3": {
      "main_team": [
        "16",
        "72",
        "73",
        "74",
        "545",
        "285",
        "554",
        "291",
        "286",
        "75",
        "139"
      ],
      "bench": [
        "533",
        "529",
        "626",
        "70"
      ],
      "price": 99.79999999999998,
      "score": 1520.0
    },
    "10": {
      "main_team": [
        "16",
        "72",
        "73",
        "74",
        "545",
        "285",
        "554",
        "291",
        "286",
        "75",
        "139"
      ],
      "bench": [
        "533",
        "529",
        "626",
        "70"
      ],
      "price": 99.79999999999998,
      "score": 1520.0
    },
    "100": {
      "main_team": [
        "16",
        "72",
        "73",
        "74",
        "545",
        "285",
        "554",
        "291",
        "286",
        "75",
        "139"
      ],
      "bench": [
        "533",
        "529",
        "626",
        "70"
      ],
      "price": 99.79999999999998,
      "score": 1520.0
    }
  }
}